first_name,last_name,company_name,address,city,county,state
James,Butt,"Benton, John B Jr",6649 N Blue Gum St,New Orleans,Orleans,LA
Josephine,Darakjy,"Chanay, Jeffrey A Esq",4 B Blue Ridge Blvd,Brighton,Livingston,MI
Art,Venere,"Chemel, James L Cpa",8 W Cerritos Ave #54,Bridgeport,Gloucester,NJ
Lenna,Paprocki,Feltz Printing Service,639 Main St,Anchorage,Anchorage,AK
Donette,Foller,Printing Dimensions,34 Center St,Hamilton,Butler,OH
Simona,Morasca,"Chapman, Ross E Esq",3 Mcauley Dr,Ashland,Ashland,OH
Mitsue,Tollner,Morlong Associates,7 Eads St,Chicago,Cook,IL
Leota,Dilliard,Commercial Press,7 W Jackson Blvd,San Jose,Santa Clara,CA
Sage,Wieser,Truhlar And Truhlar Attys,5 Boston Ave #88,Sioux Falls,Minnehaha,SD
Kris,Marrier,"King, Christopher A Esq",228 Runamuck Pl #2808,Baltimore,Baltimore City,MD
Minna,Amigon,"Dorl, James J Esq",2371 Jerrold Ave,Kulpsville,Montgomery,PA
Abel,Maclead,Rangoni Of Florence,37275 St  Rt 17m M,Middle Island,Suffolk,NY
Kiley,Caldarera,Feiner Bros,25 E 75th St #69,Los Angeles,Los Angeles,CA
Graciela,Ruta,Buckley Miller & Wright,98 Connecticut Ave Nw,Chagrin Falls,Geauga,OH
Cammy,Albares,"Rousseaux, Michael Esq",56 E Morehead St,Laredo,Webb,TX
Mattie,Poquette,Century Communications,73 State Road 434 E,Phoenix,Maricopa,AZ
Meaghan,Garufi,"Bolton, Wilbur Esq",69734 E Carrillo St,Mc Minnville,Warren,TN
Gladys,Rim,T M Byxbee Company Pc,322 New Horizon Blvd,Milwaukee,Milwaukee,WI
Yuki,Whobrey,Farmers Insurance Group,1 State Route 27,Taylor,Wayne,MI
Fletcher,Flosi,Post Box Services Plus,394 Manchester Blvd,Rockford,Winnebago,IL
Bette,Nicka,Sport En Art,6 S 33rd St,Aston,Delaware,PA
Veronika,Inouye,C 4 Network Inc,6 Greenleaf Ave,San Jose,Santa Clara,CA
Willard,Kolmetz,"Ingalls, Donald R Esq",618 W Yakima Ave,Irving,Dallas,TX
Maryann,Royster,"Franklin, Peter L Esq",74 S Westgate St,Albany,Albany,NY
Alisha,Slusarski,Wtlz Power 107 Fm,3273 State St,Middlesex,Middlesex,NJ
Allene,Iturbide,"Ledecky, David Esq",1 Central Ave,Stevens Point,Portage,WI
Chanel,Caudy,Professional Image Inc,86 Nw 66th St #8673,Shawnee,Johnson,KS
Ezekiel,Chui,"Sider, Donald C Esq",2 Cedar Ave #84,Easton,Talbot,MD
Willow,Kusko,U Pull It,90991 Thorburn Ave,New York,New York,NY
Bernardo,Figeroa,"Clark, Richard Cpa",386 9th Ave N,Conroe,Montgomery,TX
Ammie,Corrio,"Moskowitz, Barry S",74874 Atlantic Ave,Columbus,Franklin,OH
Francine,Vocelka,Cascade Realty Advisors Inc,366 South Dr,Las Cruces,Dona Ana,NM
Ernie,Stenseth,Knwz Newsradio,45 E Liberty St,Ridgefield Park,Bergen,NJ
Albina,Glick,"Giampetro, Anthony D",4 Ralph Ct,Dunellen,Middlesex,NJ
Alishia,Sergi,Milford Enterprises Inc,2742 Distribution Way,New York,New York,NY
Solange,Shinko,"Mosocco, Ronald A",426 Wolf St,Metairie,Jefferson,LA
Jose,Stockham,Tri State Refueler Co,128 Bransten Rd,New York,New York,NY
Rozella,Ostrosky,Parkway Company,17 Morena Blvd,Camarillo,Ventura,CA
Valentine,Gillian,Fbs Business Finance,775 W 17th St,San Antonio,Bexar,TX
Kati,Rulapaugh,Eder Assocs Consltng Engrs Pc,6980 Dorsett Rd,Abilene,Dickinson,KS
Youlanda,Schemmer,Tri M Tool Inc,2881 Lewis Rd,Prineville,Crook,OR
Dyan,Oldroyd,International Eyelets Inc,7219 Woodfield Rd,Overland Park,Johnson,KS
Roxane,Campain,Rapid Trading Intl,1048 Main St,Fairbanks,Fairbanks North Star,AK
Lavera,Perin,Abc Enterprises Inc,678 3rd Ave,Miami,Miami-Dade,FL
Erick,Ferencz,Cindy Turner Associates,20 S Babcock St,Fairbanks,Fairbanks North Star,AK
Fatima,Saylors,"Stanton, James D Esq",2 Lighthouse Ave,Hopkins,Hennepin,MN
Jina,Briddick,Grace Pastries Inc,38938 Park Blvd,Boston,Suffolk,MA
Kanisha,Waycott,"Schroer, Gene E Esq",5 Tomahawk Dr,Los Angeles,Los Angeles,CA
Emerson,Bowley,Knights Inn,762 S Main St,Madison,Dane,WI
Blair,Malet,Bollinger Mach Shp & Shipyard,209 Decker Dr,Philadelphia,Philadelphia,PA
Brock,Bolognia,Orinda News,4486 W O St #1,New York,New York,NY
Lorrie,Nestle,Ballard Spahr Andrews,39 S 7th St,Tullahoma,Coffee,TN
Sabra,Uyetake,Lowy Limousine Service,98839 Hawthorne Blvd #6101,Columbia,Richland,SC
Marjory,Mastella,Vicon Corporation,71 San Mateo Ave,Wayne,Delaware,PA
Karl,Klonowski,"Rossi, Michael M",76 Brooks St #9,Flemington,Hunterdon,NJ
Tonette,Wenner,Northwest Publishing,4545 Courthouse Rd,Westbury,Nassau,NY
Amber,Monarrez,Branford Wire & Mfg Co,14288 Foster Ave #4121,Jenkintown,Montgomery,PA
Shenika,Seewald,East Coast Marketing,4 Otis St,Van Nuys,Los Angeles,CA
Delmy,Ahle,Wye Technologies Inc,65895 S 16th St,Providence,Providence,RI
Deeanna,Juhas,"Healy, George W Iv",14302 Pennsylvania Ave,Huntingdon Valley,Montgomery,PA
Blondell,Pugh,Alpenlite Inc,201 Hawk Ct,Providence,Providence,RI
Jamal,Vanausdal,"Hubbard, Bruce Esq",53075 Sw 152nd Ter #615,Monroe Township,Middlesex,NJ
Cecily,Hollack,Arthur A Oliver & Son Inc,59 N Groesbeck Hwy,Austin,Travis,TX
Carmelina,Lindall,George Jessop Carter Jewelers,2664 Lewis Rd,Littleton,Douglas,CO
Maurine,Yglesias,"Schultz, Thomas C Md",59 Shady Ln #53,Milwaukee,Milwaukee,WI
Tawna,Buvens,H H H Enterprises Inc,3305 Nabell Ave #679,New York,New York,NY
Penney,Weight,Hawaiian King Hotel,18 Fountain St,Anchorage,Anchorage,AK
Elly,Morocco,Killion Industries,7 W 32nd St,Erie,Erie,PA
Ilene,Eroman,"Robinson, William J Esq",2853 S Central Expy,Glen Burnie,Anne Arundel,MD
Vallie,Mondella,Private Properties,74 W College St,Boise,Ada,ID
Kallie,Blackwood,Rowley Schlimgen Inc,701 S Harrison Rd,San Francisco,San Francisco,CA
Johnetta,Abdallah,Forging Specialties,1088 Pinehurst St,Chapel Hill,Orange,NC
Bobbye,Rhym,"Smits, Patricia Garity",30 W 80th St #1995,San Carlos,San Mateo,CA
Micaela,Rhymes,H Lee Leonard Attorney At Law,20932 Hedley St,Concord,Contra Costa,CA
Tamar,Hoogland,A K Construction Co,2737 Pistorio Rd #9230,London,Madison,OH
Moon,Parlato,"Ambelang, Jessica M Md",74989 Brandon St,Wellsville,Allegany,NY
Laurel,Reitler,Q A Service,6 Kains Ave,Baltimore,Baltimore City,MD
Delisa,Crupi,Wood & Whitacre Contractors,47565 W Grand Ave,Newark,Essex,NJ
Viva,Toelkes,Mark Iv Press Ltd,4284 Dorigo Ln,Chicago,Cook,IL
Elza,Lipke,Museum Of Science & Industry,6794 Lake Dr E,Newark,Essex,NJ
Devorah,Chickering,Garrison Ind,31 Douglas Blvd #950,Clovis,Curry,NM
Timothy,Mulqueen,Saronix Nymph Products,44 W 4th St,Staten Island,Richmond,NY
Arlette,Honeywell,Smc Inc,11279 Loytan St,Jacksonville,Duval,FL
Dominque,Dickerson,E A I Electronic Assocs Inc,69 Marquette Ave,Hayward,Alameda,CA
Lettie,Isenhower,"Conte, Christopher A Esq",70 W Main St,Beachwood,Cuyahoga,OH
Myra,Munns,Anker Law Office,461 Prospect Pl #316,Euless,Tarrant,TX
Stephaine,Barfield,Beutelschies & Company,47154 Whipple Ave Nw,Gardena,Los Angeles,CA
Lai,Gato,"Fligg, Kenneth I Jr",37 Alabama Ave,Evanston,Cook,IL
Stephen,Emigh,"Sharp, J Daniel Esq",3777 E Richmond St #900,Akron,Summit,OH
Tyra,Shields,"Assink, Anne H Esq",3 Fort Worth Ave,Philadelphia,Philadelphia,PA
Tammara,Wardrip,Jewel My Shop Inc,4800 Black Horse Pike,Burlingame,San Mateo,CA
Cory,Gibes,Chinese Translation Resources,83649 W Belmont Ave,San Gabriel,Los Angeles,CA
Danica,Bruschke,"Stevens, Charles T",840 15th Ave,Waco,McLennan,TX
Wilda,Giguere,"Mclaughlin, Luther W Cpa",1747 Calle Amanecer #2,Anchorage,Anchorage,AK
Elvera,Benimadho,Tree Musketeers,99385 Charity St #840,San Jose,Santa Clara,CA
Carma,Vanheusen,Springfield Div Oh Edison Co,68556 Central Hwy,San Leandro,Alameda,CA
Malinda,Hochard,Logan Memorial Hospital,55 Riverside Ave,Indianapolis,Marion,IN
Natalie,Fern,"Kelly, Charles G Esq",7140 University Ave,Rock Springs,Sweetwater,WY
Lisha,Centini,Industrial Paper Shredders Inc,64 5th Ave #1153,Mc Lean,Fairfax,VA
